{
    "accuracy": 0.8193265007320644,
    "precision": 0.5568181818181818,
    "recall": 0.22720247295208656,
    "f1": 0.3227222832052689
}